"Datasource","Campaign Name","Clicks","Platform Cost ($)"
"Facebook Ads Insights","KTBO_2020_BRA_KELLOGGS_TRINK_SEASONAL_GREENCITY_FACEBOOK_INSTAGRAM_AWARENESS_CPM_LUNCH","10208","2343.1421052631576"
"Facebook Ads Insights","KTBO_2021_BRA_KELLOGGS_PRINGLES_SEASONAL_WELCOMERUFFLES_FACEBOOK_FACEBOOK_AWARENESS_CPM_EVENINGLEISURETIME","20401","4631.578947368422"
"Facebook Ads Insights","KTBO_2021_BRA_KELLOGGS_SUCRILHOS_SEASONAL_LANÇAMENTO2021_FACEBOOK_FACEBOOKANDINSTAGRAM_AWARENESS_CPM_MORNINGBREAKFAST","21570","3136.842105263158"
"Facebook Ads Insights","MCMMIA_2021_CHL_KELLOGGS_MASTERBRAND_SEASONAL_DESPIERTAMUCHOMAS_FACEBOOK_FACEBOOKANDINSTAGRAM_REACH_CPM_BREAKFASTFORONE","11150","2625.0000000000023"
"Facebook Ads Insights","MCMMIA_2021_CHL_KELLOGGS_MASTERBRAND_SEASONAL_DESPIERTAMUCHOMAS_FACEBOOK_FACEBOOKANDINSTAGRAM_WEBSITECLICKS_CPC_BREAKFASTFORONE","26656","1499.98"
"Facebook Ads Insights","MCMMIA_2021_COL_KELLOGGS_CORPORATEPROMOTIONS_SEASONAL_BACKTOSCHOOL_FACEBOOK_FACEBOOKANDINSTAGRAM_REACH_CPM_BREAKFASTFORONE","115622","7029.760000000005"
"Facebook Ads Insights","MCMMIA_2021_COL_KELLOGGS_CORPORATEPROMOTIONS_SEASONAL_BACKTOSCHOOL_FACEBOOK_FACEBOOKANDINSTAGRAM_WEBSITECLICKS_CPC_BREAKFASTFORONE","98664","1566.0000000000002"
"Facebook Ads Insights","MCMMIA_2021_COL_KELLOGGS_HEALTHYKIDS_SEASONAL_HEALTHYKIDSGRANOLA_FACEBOOK_FACEBOOKANDINSTAGRAM_REACH_CPM_FAMILYBREAKFAST","85990","6025.999999999999"
"Facebook Ads Insights","MCMMIA_2021_COL_KELLOGGS_HEALTHYKIDS_SEASONAL_HEALTHYKIDSGRANOLA_FACEBOOK_FACEBOOKANDINSTAGRAM_WEBSITECLICKS_CPC_FAMILYBREAKFAST","205311","5135.9"
"Facebook Ads Insights","MCMMIA_2021_COL_KELLOGGS_MASTERBRAND_SEASONAL_DIADELAMUJER_FACEBOOK_FACEBOOKANDINSTAGRAM_REACH_CPM_BREAKFASTFORONE","5690","600.0"
"Facebook Ads Insights","MCMMIA_2021_COL_KELLOGGS_PRINGLES_SEASONAL_ALWAYSON_FACEBOOK_FACEBOOKANDINSTAGRAM_VIEWS_CPV_EVENINGME","73498","5925.000000000001"
"Facebook Ads Insights","MCMMIA_2021_COL_KELLOGGS_PRINGLES_SEASONAL_PROMOXBOX_FACEBOOK_FACEBOOKANDINSTAGRAM_REACH_CPM_EVENINGME","48730","5740.52"
"Facebook Ads Insights","MCMMIA_2021_COL_KELLOGGS_PRINGLES_SEASONAL_PROMOXBOX_FACEBOOK_FACEBOOKANDINSTAGRAM_WEBSITECLICKS_CPC_EVENINGME","77383","1663.1399999999996"
"Facebook Ads Insights","MCMMIA_2021_COL_KELLOGGS_ZUCARITAS_SEASONAL_PURAGARRA_FACEBOOK_FACEBOOKANDINSTAGRAM_REACH_CPM_FAMILYBREAKFAST","347710","17220.000000000004"
"Facebook Ads Insights","MCMMIA_2021_COL_KELLOGGS_ZUCARITAS_SEASONAL_PURAGARRA_FACEBOOK_FACEBOOKANDINSTAGRAM_WEBSITECLICKS_CPC_FAMILYBREAKFAST","118688","3519.6900000000005"
"Facebook Ads Insights","MCMMIA_2021_CRI_KELLOGGS_CORPORATEAFFAIRS_SEASONAL_CEREALDAY_FACEBOOK_FACEBOOKANDINSTAGRAM_REACH_CPM_FAMILYBREAKFAST","7770","2400.0"
"Facebook Ads Insights","MCMMIA_2021_CRI_KELLOGGS_CORPORATEPROMOTIONS_SEASONAL_BACKTOSCHOOL_FACEBOOK_FACEBOOKANDINSTAGRAM_REACH_CPM_FAMILYBREAKFAST","39640","6333.999999999997"
"Facebook Ads Insights","MCMMIA_2021_CRI_KELLOGGS_CORPORATEPROMOTIONS_SEASONAL_MEDIUMBOX_FACEBOOK_FACEBOOKANDINSTAGRAM_REACH_CPM_FAMILYBREAKFAST","12662","2301.9999999999995"
"Facebook Ads Insights","MCMMIA_2021_CRI_KELLOGGS_KOMPLETE_SEASONAL_KOMPLETE_FACEBOOK_FACEBOOKANDINSTAGRAM_REACH_CPM_BREAKFASTFORONE","13442","3836.0000000000027"
"Facebook Ads Insights","MCMMIA_2021_CRI_KELLOGGS_MASTERBRAND_SEASONAL_DESPIERTAMUCHOMAS_FACEBOOK_FACEBOOKANDINSTAGRAM_REACH_CPM_BREAKFASTFORONE","9638","2558.0000000000005"
"Facebook Ads Insights","MCMMIA_2021_CRI_KELLOGGS_MASTERBRAND_SEASONAL_HERSHEYS_FACEBOOK_FACEBOOKANDINSTAGRAM_REACH_CPM_FAMILYBREAKFAST","5126","504.0"
"Facebook Ads Insights","MCMMIA_2021_CRI_KELLOGGS_PRINGLES_SEASONAL_ALWAYSON_FACEBOOK_FACEBOOKANDINSTAGRAM_REACH_CPM_EVENINGME","22168","4377.6"
"Facebook Ads Insights","MCMMIA_2021_CRI_KELLOGGS_PRINGLES_SEASONAL_VERANOX2_FACEBOOK_FACEBOOKANDINSTAGRAM_REACH_CPM_EVENINGME","6292","2167.0"
"Facebook Ads Insights","MCMMIA_2021_CRI_KELLOGGS_PRINGLES_SEASONAL_VERANOX2_FACEBOOK_FACEBOOKANDINSTAGRAM_WEBSITECLICKS_CPC_EVENINGME","14670","2087.8599999999983"
"Facebook Ads Insights","MCMMIA_2021_CRI_KELLOGGS_SPECIALKBARS_SEASONAL_HOMEOFFICE_FACEBOOK_FACEBOOKANDINSTAGRAM_REACH_CPM_MID-MORNINGSNACK","9122","3000.0000000000014"
"Facebook Ads Insights","MCMMIA_2021_CRI_KELLOGGS_SPECIALK_SEASONAL_ALIMENTAMOSLOQUEERES_FACEBOOK_FACEBOOKANDINSTAGRAM_REACH_CPM_BEAKFASTFORONE","1441","576.0"
"Facebook Ads Insights","MCMMIA_2021_CRI_KELLOGGS_ZUCARITAS_SEASONAL_PURAGARRA_FACEBOOK_FACEBOOKANDINSTAGRAM_REACH_CPM_FAMILYBREAKFAST","14628","3636.0000000000027"
"Facebook Ads Insights","MCMMIA_2021_DOM_KELLOGGS_FROOTLOOPS_SEASONAL_FROOTLOOPS_FACEBOOK_FACEBOOKANDINSTAGRAM_REACH_CPM_FAMILYBREAKFAST","26948","9276.000000000007"
"Facebook Ads Insights","MCMMIA_2021_DOM_KELLOGGS_KOMPLETE_SEASONAL_KOMPLETE_FACEBOOK_FACEBOOKANDINSTAGRAM_REACH_CPM_BREAKFASTFORONE","12762","2424.76"
"Facebook Ads Insights","MCMMIA_2021_DOM_KELLOGGS_MASTERBRAND_SEASONAL_DESPIERTAMUCHOMAS_FACEBOOK_FACEBOOKANDINSTAGRAM_REACH_CPM_BREAKFASTFORONE","58142","8020.000000000017"
"Facebook Ads Insights","MCMMIA_2021_DOM_KELLOGGS_PRINGLES_SEASONAL_ALWAYSON_FACEBOOK_FACEBOOKANDINSTAGRAM_REACH_CPM_EVENINGME","49410","4435.200000000002"
"Facebook Ads Insights","MCMMIA_2021_DOM_KELLOGGS_PRINGLES_SEASONAL_VERANOX2_FACEBOOK_FACEBOOKANDINSTAGRAM_REACH_CPM_EVENINGME","18252","3420.999999999999"
"Facebook Ads Insights","MCMMIA_2021_DOM_KELLOGGS_PRINGLES_SEASONAL_VERANOX2_FACEBOOK_FACEBOOKANDINSTAGRAM_WEBSITECLICKS_CPC_EVENINGME","40618","3142.320000000005"
"Facebook Ads Insights","MCMMIA_2021_GTM_KELLOGGS_CHOCOKRISPIS_SEASONAL_ALOGRANDE_FACEBOOK_FACEBOOKANDINSTAGRAM_REACH_CPM_FAMILYBREAKFAST","27676","9252.000000000002"
"Facebook Ads Insights","MCMMIA_2021_GTM_KELLOGGS_CORPORATEAFFAIRS_SEASONAL_CEREALDAY_FACEBOOK_FACEBOOKANDINSTAGRAM_REACH_CPM_FAMILYBREAKFAST","62576","11000.0"
"Facebook Ads Insights","MCMMIA_2021_GTM_KELLOGGS_CORPORATEPROMOTIONS_SEASONAL_BACKTOSCHOOL_FACEBOOK_FACEBOOKANDINSTAGRAM_REACH_CPM_FAMILYBREAKFAST","83284","7647.9999999999945"
"Facebook Ads Insights","MCMMIA_2021_GTM_KELLOGGS_CORPORATEPROMOTIONS_SEASONAL_MEDIUMBOX_FACEBOOK_FACEBOOKANDINSTAGRAM_REACH_CPM_FAMILYBREAKFAST","42876","4263.0199999999995"
"Facebook Ads Insights","MCMMIA_2021_GTM_KELLOGGS_KOMPLETE_SEASONAL_KOMPLETE_FACEBOOK_FACEBOOKANDINSTAGRAM_REACH_CPM_BREAKFASTFORONE","69878","11782.000000000005"
"Facebook Ads Insights","MCMMIA_2021_GTM_KELLOGGS_MASTERBRAND_SEASONAL_DESPIERTAMUCHOMAS_FACEBOOK_FACEBOOKANDINSTAGRAM_REACH_CPM_BREAKFASTFORONE","62110","9425.999999999998"
"Facebook Ads Insights","MCMMIA_2021_GTM_KELLOGGS_MASTERBRAND_SEASONAL_DIADELAMUJER_FACEBOOK_FACEBOOKANDINSTAGRAM_REACH_CPM_BREAKFASTFORONE","4704","599.9999999999999"
"Facebook Ads Insights","MCMMIA_2021_GTM_KELLOGGS_MASTERBRAND_SEASONAL_HERSHEYS_FACEBOOK_FACEBOOKANDINSTAGRAM_REACH_CPM_FAMILYBREAKFAST","13363","1184.0"
"Facebook Ads Insights","MCMMIA_2021_GTM_KELLOGGS_PRINGLES_SEASONAL_ALWAYSON_FACEBOOK_FACEBOOKANDINSTAGRAM_REACH_CPM_EVENINGME","72828","7200.000000000001"
"Facebook Ads Insights","MCMMIA_2021_GTM_KELLOGGS_PRINGLES_SEASONAL_VERANOX2_FACEBOOK_FACEBOOKANDINSTAGRAM_REACH_CPM_EVENINGME","38040","7424.6800000000085"
"Facebook Ads Insights","MCMMIA_2021_GTM_KELLOGGS_PRINGLES_SEASONAL_VERANOX2_FACEBOOK_FACEBOOKANDINSTAGRAM_WEBSITECLICKS_CPC_EVENINGME","74566","5682.060000000006"
"Facebook Ads Insights","MCMMIA_2021_GTM_KELLOGGS_PRINGLES_SEASONAL_VERANOX2_FACEBOOK_INSTAGRAM_REACH_CPM_EVENINGME","0","0.16"
"Facebook Ads Insights","MCMMIA_2021_GTM_KELLOGGS_SPECIALKBARS_SEASONAL_HOMEOFFICE_FACEBOOK_FACEBOOKANDINSTAGRAM_REACH_CPM_MID-MORNINGSNACK","37950","5999.999999999998"
"Facebook Ads Insights","MCMMIA_2021_GTM_KELLOGGS_SPECIALK_SEASONAL_ALIMENTAMOSLOQUEERES_FACEBOOK_FACEBOOKANDINSTAGRAM_REACH_CPM_BEAKFASTFORONE","9171","2422.0"
"Facebook Ads Insights","MCMMIA_2021_GTM_KELLOGGS_ZUCARITAS_SEASONAL_PURAGARRA_FACEBOOK_FACEBOOKANDINSTAGRAM_REACH_CPM_FAMILYBREAKFAST","2178","600.0"
"Facebook Ads Insights","MCMMIA_2021_HND_KELLOGGS_PRINGLES_SEASONAL_VERANOX2_FACEBOOK_FACEBOOKANDINSTAGRAM_REACH_CPM_EVENINGME","11500","1099.9999999999993"
"Facebook Ads Insights","MCMMIA_2021_HND_KELLOGGS_PRINGLES_SEASONAL_VERANOX2_FACEBOOK_FACEBOOKANDINSTAGRAM_WEBSITECLICKS_CPC_EVENINGME","15606","399.9999999999999"
"Facebook Ads Insights","MCMMIA_2021_MEX_KELLOGGS_MASTERBRAND_SEASONAL_DIADELAMUJER_FACEBOOK_FACEBOOKANDINSTAGRAM_REACH_CPM_BREAKFASTFORONE","4135","400.0"
"Facebook Ads Insights","MCMMIA_2021_MEX_KELLOGGS_PRINGLES_SEASONAL_ALWAYSON_FACEBOOK_FACEBOOKANDINSTAGRAM_REACH_CPM_EVENINGME","226374","21799.99999999998"
"Facebook Ads Insights","MCMMIA_2021_NIC_KELLOGGS_PRINGLES_SEASONAL_VERANOX2_FACEBOOK_FACEBOOKANDINSTAGRAM_REACH_CPM_EVENINGME","24210","1100.000000000001"
"Facebook Ads Insights","MCMMIA_2021_NIC_KELLOGGS_PRINGLES_SEASONAL_VERANOX2_FACEBOOK_FACEBOOKANDINSTAGRAM_WEBSITECLICKS_CPC_EVENINGME","21000","400.00000000000006"
"Facebook Ads Insights","MCMMIA_2021_PAN_KELLOGGS_CORPORATEAFFAIRS_SEASONAL_CEREALDAY_FACEBOOK_FACEBOOKANDINSTAGRAM_REACH_CPM_FAMILYBREAKFAST","4034","1800.0"
"Facebook Ads Insights","MCMMIA_2021_PAN_KELLOGGS_CORPORATEPROMOTIONS_SEASONAL_BACKTOSCHOOL_FACEBOOK_FACEBOOKANDINSTAGRAM_REACH_CPM_FAMILYBREAKFAST","9348","3098.0000000000023"
"Facebook Ads Insights","MCMMIA_2021_PAN_KELLOGGS_KOMPLETE_SEASONAL_KOMPLETE_FACEBOOK_FACEBOOKANDINSTAGRAM_REACH_CPM_BREAKFASTFORONE","5238","2260.000000000001"
"Facebook Ads Insights","MCMMIA_2021_PAN_KELLOGGS_MASTERBRAND_SEASONAL_DESPIERTAMUCHOMAS_FACEBOOK_FACEBOOKANDINSTAGRAM_REACH_CPM_BREAKFASTFORONE","3378","1200.0"
"Facebook Ads Insights","MCMMIA_2021_PAN_KELLOGGS_PRINGLES_SEASONAL_ALWAYSON_FACEBOOK_FACEBOOKANDINSTAGRAM_REACH_CPM_EVENINGME","8308","2639.0000000000005"
"Facebook Ads Insights","MCMMIA_2021_PAN_KELLOGGS_PRINGLES_SEASONAL_VERANOX2_FACEBOOK_FACEBOOKANDINSTAGRAM_REACH_CPM_EVENINGME","5944","1760.0000000000016"
"Facebook Ads Insights","MCMMIA_2021_PAN_KELLOGGS_PRINGLES_SEASONAL_VERANOX2_FACEBOOK_FACEBOOKANDINSTAGRAM_WEBSITECLICKS_CPC_EVENINGME","9602","1639.28"
"Facebook Ads Insights","MCMMIA_2021_PAN_KELLOGGS_ZUCARITAS_SEASONAL_PURAGARRA_FACEBOOK_FACEBOOKANDINSTAGRAM_REACH_CPM_FAMILYBREAKFAST","9700","4200.000000000001"
"Facebook Ads Insights","MCMMIA_2021_PRI_KELLOGGS_CORPORATEPROMOTIONS_SEASONAL_365BOWLS_FACEBOOK_FACEBOOKANDINSTAGRAM_REACH_CPM_BREAKFASTFORONE","21502","19999.999999999993"
"Facebook Ads Insights","MCMMIA_2021_PRI_KELLOGGS_FROOTLOOPS_SEASONAL_FROOTLOOPS_FACEBOOK_FACEBOOKANDINSTAGRAM_REACH_CPM_FAMILYBREAKFAST","14984","10000.000000000016"
"Facebook Ads Insights","MCMMIA_2021_PRI_KELLOGGS_KOMPLETE_SEASONAL_KOMPLETE_FACEBOOK_FACEBOOKANDINSTAGRAM_REACH_CPM_BREAKFASTFORONE","1886","1000.0000000000001"
"Facebook Ads Insights","MCMMIA_2021_PRI_KELLOGGS_PRINGLES_SEASONAL_ALWAYSON_FACEBOOK_FACEBOOKANDINSTAGRAM_REACH_CPM_EVENINGME","6932","3808.000000000001"
"Facebook Ads Insights","MCMMIA_2021_PRI_KELLOGGS_PRINGLES_SEASONAL_MEGHAN_FACEBOOK_FACEBOOKANDINSTAGRAM_REACH_CPM_EVENINGME","4728","4500.000000000002"
"Facebook Ads Insights","MCMMIA_2021_PRI_KELLOGGS_PRINGLES_SEASONAL_MEGHAN_FACEBOOK_FACEBOOKANDINSTAGRAM_WEBSITECLICKS_CPC_EVENINGME","2242","597.42"
"Facebook Ads Insights","MCMMIA_2021_SLV_KELLOGGS_CHOCOKRISPIS_SEASONAL_ALOGRANDE_FACEBOOK_FACEBOOKANDINSTAGRAM_REACH_CPM_FAMILYBREAKFAST","8538","2314.0"
"Facebook Ads Insights","MCMMIA_2021_SLV_KELLOGGS_CORPORATEPROMOTIONS_SEASONAL_BACKTOSCHOOL_FACEBOOK_FACEBOOKANDINSTAGRAM_REACH_CPM_FAMILYBREAKFAST","44338","3190.0000000000005"
"Facebook Ads Insights","MCMMIA_2021_SLV_KELLOGGS_CORPORATEPROMOTIONS_SEASONAL_MEDIUMBOX_FACEBOOK_FACEBOOKANDINSTAGRAM_REACH_CPM_FAMILYBREAKFAST","14602","1264.1199999999992"
"Facebook Ads Insights","MCMMIA_2021_SLV_KELLOGGS_KOMPLETE_SEASONAL_KOMPLETE_FACEBOOK_FACEBOOKANDINSTAGRAM_REACH_CPM_BREAKFASTFORONE","23708","2598.0000000000014"
"Facebook Ads Insights","MCMMIA_2021_SLV_KELLOGGS_MASTERBRAND_SEASONAL_DESPIERTAMUCHOMAS_FACEBOOK_FACEBOOKANDINSTAGRAM_REACH_CPM_BREAKFASTFORONE","29514","3132.000000000001"
"Facebook Ads Insights","MCMMIA_2021_SLV_KELLOGGS_MASTERBRAND_SEASONAL_HERSHEYS_FACEBOOK_FACEBOOKANDINSTAGRAM_REACH_CPM_FAMILYBREAKFAST","6334","487.0"
"Facebook Ads Insights","MCMMIA_2021_SLV_KELLOGGS_PRINGLES_SEASONAL_VERANOX2_FACEBOOK_FACEBOOKANDINSTAGRAM_REACH_CPM_EVENINGME","9066","1100.0000000000002"
"Facebook Ads Insights","MCMMIA_2021_SLV_KELLOGGS_PRINGLES_SEASONAL_VERANOX2_FACEBOOK_FACEBOOKANDINSTAGRAM_WEBSITECLICKS_CPC_EVENINGME","14432","400.0000000000001"
"Facebook Ads Insights","MCMMX_2021_MEX_KELLOGGS_CHOCOKRISPIS_SEASONAL_M&MS_FACEBOOK_FACEBOOKANDINSTAGRAM_REACH_CPM_FAMILYBREAKFAST","384448","46087.786259541994"
"Facebook Ads Insights","MCMMX_2021_MEX_KELLOGGS_CORPORATEAFFAIRS_SEASONAL_BENEFICIOSCEREAL_FACEBOOK_FACEBOOK_REACH_CPM_FAMILYBREAKFAST","2290","706.1068702290077"
"Facebook Ads Insights","MCMMX_2021_MEX_KELLOGGS_CORPORATEAFFAIRS_SEASONAL_CEREALRELEVANCE_FACEBOOK_FACEBOOK_REACH_CPM_FAMILYBREAKFAST","23696","1412.2137404580155"
"Facebook Ads Insights","MCMMX_2021_MEX_KELLOGGS_CORPORATEAFFAIRS_SEASONAL_CIMMYT_FACEBOOK_FACEBOOK_REACH_CPM_FAMILYBREAKFAST","11980","1412.1450381679385"
"Facebook Ads Insights","MCMMX_2021_MEX_KELLOGGS_CORPORATEAFFAIRS_SEASONAL_DIADELAFELICIDAD_FACEBOOK_FACEBOOKANDINSTAGRAM_REACH_CPM_FAMILYBREAKFAST","2896","706.1068702290075"
"Facebook Ads Insights","MCMMX_2021_MEX_KELLOGGS_CORPORATEAFFAIRS_SEASONAL_KWC_FACEBOOK_FACEBOOKANDINSTAGRAM_REACH_CPM_FAMILYBREAKFAST","2311","529.5801526717557"
"Facebook Ads Insights","MCMMX_2021_MEX_KELLOGGS_CORPORATEAFFAIRS_SEASONAL_NT_FACEBOOK_FACEBOOK_REACH_CPM_FAMILYBREAKFAST","12132","3227.835877862596"
"Facebook Ads Insights","MCMMX_2021_MEX_KELLOGGS_CORPORATEAFFAIRS_SEASONAL_NUEVOAÑO_FACEBOOK_FACEBOOK_REACH_CPM_FAMILYBREAKFAST","5326","706.1068702290077"
"Facebook Ads Insights","MCMMX_2021_MEX_KELLOGGS_CORPORATEAFFAIRS_SEASONAL_WBM_FACEBOOK_FACEBOOKANDINSTAGRAM_REACH_CPM_FAMILYBREAKFAST","6724","680.929389312977"
"Facebook Ads Insights","MCMMX_2021_MEX_KELLOGGS_EXTRA_SEASONAL_EXTRADELICE_FACEBOOK_FACEBOOKANDINSTAGRAM_VIEWS_CPCV_AFTERNOONSNACK","17081","6194.427958015266"
"Facebook Ads Insights","MCMMX_2021_MEX_KELLOGGS_EXTRA_SEASONAL_EXTRADELICE_FACEBOOK_FACEBOOKANDINSTAGRAM_WEBSITECLICKS_CPC_AFTERNOONSNACK","28","0.8745229007633587"
"Facebook Ads Insights","MCMMX_2021_MEX_KELLOGGS_EXTRA_SEASONAL_EXTRADELICE_FACEBOOK_FACEBOOK_VIEWS_CPCV_AFTERNOONSNACK","2977","989.3845419847328"
"Facebook Ads Insights","MCMMX_2021_MEX_KELLOGGS_EXTRA_SEASONAL_EXTRADELICE_FACEBOOK_INSTAGRAM_REACH_CPM_AFTERNOONSNACK","3514","3589.0372137404584"
"Facebook Ads Insights","MCMMX_2021_MEX_KELLOGGS_EXTRA_SEASONAL_EXTRADELICE_FACEBOOK_INSTAGRAM_VIEWS_CPCV_AFTERNOONSNACK","175","251.49236641221376"
"Facebook Ads Insights","MCMMX_2021_MEX_KELLOGGS_EXTRA_SEASONAL_EXTRA_FACEBOOK_FACEBOOKANDINSTAGRAM_ENGAGEMENT_CPE_BREAKFASTFORONE","393118","30209.999045801545"
"Facebook Ads Insights","MCMMX_2021_MEX_KELLOGGS_EXTRA_SEASONAL_EXTRA_FACEBOOK_FACEBOOKANDINSTAGRAM_REACH_CPM_BREAKFASTFORONE","191254","44639.89408396948"
"Facebook Ads Insights","MCMMX_2021_MEX_KELLOGGS_EXTRA_SEASONAL_EXTRA_FACEBOOK_FACEBOOKANDINSTAGRAM_VIDEOVIEWS_CPCV_BREAKFASTFORONE","80176","22071.745229007636"
"Facebook Ads Insights","MCMMX_2021_MEX_KELLOGGS_EXTRA_SEASONAL_EXTRA_FACEBOOK_FACEBOOKANDINSTAGRAM_WEBSITECLICKS_CPC_BREAKFASTFORONE","307927","12205.045801526718"
"Facebook Ads Insights","MCMMX_2021_MEX_KELLOGGS_EXTRA_SEASONAL_EXTRA_FACEBOOK_INSTAGRAM_REACH_CPM_BREAKFASTFORONE","5984","5725.135496183205"
"Facebook Ads Insights","MCMMX_2021_MEX_KELLOGGS_MASTERBRAND_SEASONAL_ALWAYSCLOSETOYOU_FACEBOOK_FACEBOOKANDINSTAGRAM_REACH_CPM_FAMILYBREAKFAST","322246","56550.24427480917"
"Facebook Ads Insights","MCMMX_2021_MEX_KELLOGGS_MASTERBRAND_SEASONAL_DESPIERTAMUCHOMAS_FACEBOOK_FACEBOOKANDINSTAGRAM_REACH_CPM_BREAKFASTFORONE","292692","43702.29007633585"
"Facebook Ads Insights","MCMMX_2021_MEX_KELLOGGS_MASTERBRAND_SEASONAL_DESPIERTAMUCHOMAS_FACEBOOK_FACEBOOKANDINSTAGRAM_REACH_CPM_FAMILYBREAKFAST","44983","8155.427480916031"
"Facebook Ads Insights","MCMMX_2021_MEX_KELLOGGS_MASTERBRAND_SEASONAL_DESPIERTAMUCHOMAS_FACEBOOK_FACEBOOKANDINSTAGRAM_VIDEOVIEWS_CPCV_BREAKFASTFORONE","47169","16577.288167938932"
"Facebook Ads Insights","MCMMX_2021_MEX_KELLOGGS_MASTERBRAND_SEASONAL_DESPIERTAMUCHOMAS_FACEBOOK_FACEBOOKANDINSTAGRAM_WEBSITECLICKS_CPC_BREAKFASTFORONE","242066","12330.40696564886"
"Facebook Ads Insights","MCMMX_2021_MEX_KELLOGGS_MASTERBRAND_SEASONAL_HERSHEYS_FACEBOOK_FACEBOOKANDINSTAGRAM_REACH_CPM_FAMILYBREAKFAST","355430","44274.809160305376"
"Facebook Ads Insights","MCMMX_2021_MEX_KELLOGGS_MASTERBRAND_SEASONAL_PANADERIA_FACEBOOK_FACEBOOKANDINSTAGRAM_REACH_CPM_BREAKFASTFORONE","29016","19465.64885496183"
"Facebook Ads Insights","MCMMX_2021_MEX_KELLOGGS_MASTERBRAND_SEASONAL_PANADERIA_FACEBOOK_FACEBOOKANDINSTAGRAM_WEBSITECLICKS_CPC_BREAKFASTFORONE","70536","3690.8959923664115"
"Facebook Ads Insights","MCMMX_2021_MEX_KELLOGGS_MASTERBRAND_SEASONAL_PANADERIA_FACEBOOK_INSTAGRAM_REACH_CPM_BREAKFASTFORONE","11494","9732.824427480911"
"Facebook Ads Insights","MCMMX_2021_MEX_KELLOGGS_PRINGLES_SEASONAL_PROMOXBOX_FACEBOOK_FACEBOOKANDINSTAGRAM_REACH_CPM_EVENINGME","122104","8681.734732824432"
"Facebook Ads Insights","MCMMX_2021_MEX_KELLOGGS_PRINGLES_SEASONAL_PROMOXBOX_FACEBOOK_FACEBOOKANDINSTAGRAM_WEBSITECLICKS_CPC_EVENINGME","250714","5787.786259541982"
"Facebook Ads Insights","MCMMX_2021_MEX_KELLOGGS_PRINGLES_SEASONAL_REDCITYGDL_FACEBOOK_FACEBOOKANDINSTAGRAM_REACH_CPM_EVENINGME","36996","7156.488549618321"
"Facebook Ads Insights","MCMMX_2021_MEX_KELLOGGS_ZUCARITAS_SEASONAL_PURAGARRA_FACEBOOK_FACEBOOKANDINSTAGRAM_REACH_CPM_FAMILYBREAKFAST","977300","86592.47805343506"
"Facebook Ads Insights","MCMMX_2021_MEX_KELLOGGS_ZUCARITAS_SEASONAL_PURAGARRA_FACEBOOK_FACEBOOK_WEBSITECLICKS_CPC_FAMILYBREAKFAST","603850","27910.13835877863"
"Google Adwords","KTBO_2021_BRA_KELLOGGS_SUCRILHOS_SEASONAL_GOOGLE_GOOGLE_LANÇAMENTO2021_AFFINITYTOPICS_CPM_MORNINGBREAKFAST","1604","7064.2744731959365"
"Google Adwords","KTBO_2021_BRA_KELLOGGS_SUCRILHOS_SEASONAL_GOOGLE_YOUTUBE_LANÇAMENTO2021_AFFINITYTOPICS_CPM_MORNINGBREAKFAST","5590","68557.03251371767"
"Google Adwords","MCMMIA_2021_COL_KELLOGGS_CORPORATEPROMOTIONS_SEASONAL_GOOGLE_YOUTUBE_BACKTOSCHOOL_AFFINITYAUDIENCES_CPM_BREAKFASTFORONE","6699","2578.606938"
"Google Adwords","MCMMIA_2021_COL_KELLOGGS_CORPORATEPROMOTIONS_SEASONAL_GOOGLE_YOUTUBE_BACKTOSCHOOL_AFFINITYAUDIENCES_CPV_BREAKFASTFORONE","4246","6069.029277000002"
"Google Adwords","MCMMIA_2021_COL_KELLOGGS_PRINGLES_SEASONAL_GOOGLE_SEM_PROMOXBOX_SEVERAL_CPC_EVENINGME","6021","929.6099999999992"
"Google Adwords","MCMMIA_2021_COL_KELLOGGS_PRINGLES_SEASONAL_GOOGLE_YOUTUBE_ALWAYSON_AFFINITYAUDIENCES_CPM_EVENINGME","11163","3987.8690430000015"
"Google Adwords","MCMMIA_2021_COL_KELLOGGS_PRINGLES_SEASONAL_GOOGLE_YOUTUBE_ALWAYSON_AFFINITYAUDIENCES_CPV_EVENINGME","5479","7305.3773869999995"
"Google Adwords","MCMMIA_2021_COL_KELLOGGS_PRINGLES_SEASONAL_GOOGLE_YOUTUBE_PROMOXBOX_AFFINITYAUDIENCES_CPM_EVENINGME","9978","4885.519740000002"
"Google Adwords","MCMMIA_2021_COL_KELLOGGS_PRINGLES_SEASONAL_GOOGLE_YOUTUBE_PROMOXBOX_AFFINITYAUDIENCES_CPV_EVENINGME","786","2237.560426999999"
"Google Adwords","MCMMIA_2021_COL_KELLOGGS_ZUCARITAS_SEASONAL_GOOGLE_YOUTUBE_PURAGARRA_AFFINITYAUDIENCES_CPM_FAMILYBREAKFAST","79461","8954.157144000004"
"Google Adwords","MCMMIA_2021_COL_KELLOGGS_ZUCARITAS_SEASONAL_GOOGLE_YOUTUBE_PURAGARRA_AFFINITYAUDIENCES_CPV_FAMILYBREAKFAST","3006","8296.775985999999"
"Google Adwords","MCMMIA_2021_CRI_KELLOGGS_CORPORATEPROMOTIONS_SEASONAL_GOOGLE_YOUTUBE_BACKTOSCHOOL_AFFINITYAUDIENCES_CPV_FAMILYBREAKFAST","5662","7699.3116230000005"
"Google Adwords","MCMMIA_2021_CRI_KELLOGGS_CORPORATEPROMOTIONS_SEASONAL_GOOGLE_YOUTUBE_MEDIUMBOX_AFFINITYAUDIENCES_CPV_FAMILYBREAKFAST","608","1300.2624940000005"
"Google Adwords","MCMMIA_2021_CRI_KELLOGGS_KOMPLETE_SEASONAL_GOOGLE_YOUTUBE_KOMPLETE_AFFINITYAUDIENCES_CPV_BREAKFASTFORONE","2632","5541.268656"
"Google Adwords","MCMMIA_2021_CRI_KELLOGGS_MASTERBRAND_SEASONAL_GOOGLE_YOUTUBE_DESPIERTAMUCHOMAS_AFFINITYAUDIENCES_CPV_BREAKFASTFORONE","2381","2907.0220600000025"
"Google Adwords","MCMMIA_2021_CRI_KELLOGGS_PRINGLES_SEASONAL_GOOGLE_YOUTUBE_VERANOX2_AFFINITYAUDIENCES_CPC_EVENINGME","5037","2998.9339800000002"
"Google Adwords","MCMMIA_2021_CRI_KELLOGGS_PRINGLES_SEASONAL_GOOGLE_YOUTUBE_VERANOX2_AFFINITYAUDIENCES_CPM_EVENINGME","6039","3363.52395"
"Google Adwords","MCMMIA_2021_CRI_KELLOGGS_SPECIALKBARS_SEASONAL_GOOGLE_YOUTUBE_HOMEOFFICE_AFFINITYAUDIENCES_CPV_MID-MORNINGSNACK","2716","5266.230375999999"
"Google Adwords","MCMMIA_2021_CRI_KELLOGGS_SPECIALK_SEASONAL_GOOGLE_YOUTUBE_ALIMENTAMOSLOQUEERES_AFFINITYAUDIENCES_CPV_BREAKFASTFORONE","620","1095.1191830000005"
"Google Adwords","MCMMIA_2021_CRI_KELLOGGS_ZUCARITAS_SEASONAL_GOOGLE_YOUTUBE_PURAGARRA_AFFINITYAUDIENCES_CPV_FAMILYBREAKFAST","7352","9602.741681000003"
"Google Adwords","MCMMIA_2021_DOM_KELLOGGS_FROOTLOOPS_SEASONAL_GOOGLE_YOUTUBE_FROOTLOOPS_AFFINITYAUDIENCES_CPV_FAMILYBREAKFAST","43286","15927.093642000002"
"Google Adwords","MCMMIA_2021_DOM_KELLOGGS_MASTERBRAND_SEASONAL_GOOGLE_YOUTUBE_DESPIERTAMUCHOMAS_AFFINITYAUDIENCES_CPV_BREAKFASTFORONE","5168","4650.852225000003"
"Google Adwords","MCMMIA_2021_DOM_KELLOGGS_PRINGLES_SEASONAL_GOOGLE_YOUTUBE_VERANOX2_AFFINITYAUDIENCES_CPC_EVENINGME","5952","2997.778011"
"Google Adwords","MCMMIA_2021_DOM_KELLOGGS_PRINGLES_SEASONAL_GOOGLE_YOUTUBE_VERANOX2_AFFINITYAUDIENCES_CPM_EVENINGME","8136","3372.405765"
"Google Adwords","MCMMIA_2021_GTM_KELLOGGS_CHOCOKRISPIS_SEASONAL_GOOGLE_YOUTUBE_ALOGRANDE_AFFINITYAUDIENCES_CPV_FAMILYBREAKFAST","21863","9931.845926000007"
"Google Adwords","MCMMIA_2021_GTM_KELLOGGS_CORPORATEPROMOTIONS_SEASONAL_GOOGLE_YOUTUBE_BACKTOSCHOOL_AFFINITYAUDIENCES_CPV_FAMILYBREAKFAST","12984","13076.455838999991"
"Google Adwords","MCMMIA_2021_GTM_KELLOGGS_CORPORATEPROMOTIONS_SEASONAL_GOOGLE_YOUTUBE_MEDIUMBOX_AFFINITYAUDIENCES_CPV_FAMILYBREAKFAST","836","1548.569740000001"
"Google Adwords","MCMMIA_2021_GTM_KELLOGGS_KOMPLETE_SEASONAL_GOOGLE_YOUTUBE_KOMPLETE_AFFINITYAUDIENCES_CPV_BREAKFASTFORONE","2856","5347.713019000001"
"Google Adwords","MCMMIA_2021_GTM_KELLOGGS_MASTERBRAND_SEASONAL_GOOGLE_YOUTUBE_DESPIERTAMUCHOMAS_AFFINITYAUDIENCES_CPV_BREAKFASTFORONE","10633","14028.722150999982"
"Google Adwords","MCMMIA_2021_GTM_KELLOGGS_PRINGLES_SEASONAL_GOOGLE_YOUTUBE_VERANOX2_AFFINITYAUDIENCES_CPC_EVENINGME","8844","2997.7696470000005"
"Google Adwords","MCMMIA_2021_GTM_KELLOGGS_PRINGLES_SEASONAL_GOOGLE_YOUTUBE_VERANOX2_AFFINITYAUDIENCES_CPM_EVENINGME","6060","3350.1609719999997"
"Google Adwords","MCMMIA_2021_GTM_KELLOGGS_SPECIALKBARS_SEASONAL_GOOGLE_YOUTUBE_HOMEOFFICE_AFFINITYAUDIENCES_CPV_MID-MORNINGSNACK","4626","6155.951730999996"
"Google Adwords","MCMMIA_2021_GTM_KELLOGGS_SPECIALK_SEASONAL_GOOGLE_YOUTUBE_ALIMENTAMOSLOQUEERES_AFFINITYAUDIENCES_CPV_BREAKFASTFORONE","3335","4454.288395999998"
"Google Adwords","MCMMIA_2021_MEX_KELLOGGS_PRINGLES_SEASONAL_GOOGLE_YOUTUBE_ALWAYSON_AFFINITYAUDIENCES_CPM_EVENINGME","22836","12698.332341000001"
"Google Adwords","MCMMIA_2021_MEX_KELLOGGS_PRINGLES_SEASONAL_GOOGLE_YOUTUBE_ALWAYSON_AFFINITYAUDIENCES_CPV_EVENINGME","9625","20308.206502"
"Google Adwords","MCMMIA_2021_PAN_KELLOGGS_CORPORATEPROMOTIONS_SEASONAL_GOOGLE_YOUTUBE_BACKTOSCHOOL_AFFINITYAUDIENCES_CPV_FAMILYBREAKFAST","5594","5295.480741000002"
"Google Adwords","MCMMIA_2021_PAN_KELLOGGS_KOMPLETE_SEASONAL_GOOGLE_YOUTUBE_KOMPLETE_AFFINITYAUDIENCES_CPV_BREAKFASTFORONE","2679","3779.2465470000006"
"Google Adwords","MCMMIA_2021_PAN_KELLOGGS_PRINGLES_SEASONAL_GOOGLE_YOUTUBE_VERANOX2_AFFINITYAUDIENCES_CPC_EVENINGME","21978","2748.5544179999993"
"Google Adwords","MCMMIA_2021_PAN_KELLOGGS_PRINGLES_SEASONAL_GOOGLE_YOUTUBE_VERANOX2_AFFINITYAUDIENCES_CPM_EVENINGME","9132","3080.485824"
"Google Adwords","MCMMIA_2021_PAN_KELLOGGS_ZUCARITAS_SEASONAL_GOOGLE_YOUTUBE_PURAGARRA_AFFINITYAUDIENCES_CPM_FAMILYBREAKFAST","4871","2079.049043000001"
"Google Adwords","MCMMIA_2021_PAN_KELLOGGS_ZUCARITAS_SEASONAL_GOOGLE_YOUTUBE_PURAGARRA_AFFINITYAUDIENCES_CPV_FAMILYBREAKFAST","8954","7227.909148999999"
"Google Adwords","MCMMIA_2021_PRI_KELLOGGS_CORPORATEPROMOTIONS_SEASONAL_GOOGLE_YOUTUBE_365BOWLS_AFFINITYAUDIENCES_CPV_BREAKFASTFORONE","5085","15249.856916999997"
"Google Adwords","MCMMIA_2021_PRI_KELLOGGS_FROOTLOOPS_SEASONAL_GOOGLE_YOUTUBE_FROOTLOOPS_AFFINITYAUDIENCES_CPV_FAMILYBREAKFAST","28764","10499.781596999992"
"Google Adwords","MCMMIA_2021_PRI_KELLOGGS_PRINGLES_SEASONAL_GOOGLE_YOUTUBE_MEGHAN_AFFINITYAUDIENCES_CPM_EVENINGME","480","527.476905"
"Google Adwords","MCMMIA_2021_PRI_KELLOGGS_PRINGLES_SEASONAL_GOOGLE_YOUTUBE_MEGHAN_AFFINITYAUDIENCES_CPV_EVENINGME","244","599.689198"
"Google Adwords","MCMMIA_2021_SLV_KELLOGGS_CHOCOKRISPIS_SEASONAL_GOOGLE_YOUTUBE_ALOGRANDE_AFFINITYAUDIENCES_CPV_FAMILYBREAKFAST","18964","6031.876115000006"
"Google Adwords","MCMMIA_2021_SLV_KELLOGGS_CORPORATEPROMOTIONS_SEASONAL_GOOGLE_YOUTUBE_BACKTOSCHOOL_AFFINITYAUDIENCES_CPV_FAMILYBREAKFAST","9135","7440.639816000001"
"Google Adwords","MCMMIA_2021_SLV_KELLOGGS_CORPORATEPROMOTIONS_SEASONAL_GOOGLE_YOUTUBE_MEDIUMBOX_AFFINITYAUDIENCES_CPV_FAMILYBREAKFAST","808","1100.191122"
"Google Adwords","MCMMIA_2021_SLV_KELLOGGS_KOMPLETE_SEASONAL_GOOGLE_YOUTUBE_KOMPLETE_AFFINITYAUDIENCES_CPV_BREAKFASTFORONE","1503","2132.073352"
"Google Adwords","MCMMIA_2021_SLV_KELLOGGS_MASTERBRAND_SEASONAL_GOOGLE_YOUTUBE_DESPIERTAMUCHOMAS_AFFINITYAUDIENCES_CPV_BREAKFASTFORONE","5150","5140.3068239999975"
"Google Adwords","MCMMX_2021_MEX_KELLOGGS_EXTRA_SEASONAL_GOOGLE_YOUTUBE_DESPIERTAMUCHOMAS_AFFINITYAUDIENCES_CPV_AFTERNOONSNACK","128796","183703.9086204784"
"Google Adwords","MCMMX_2021_MEX_KELLOGGS_EXTRA_SEASONAL_GOOGLE_YOUTUBE_EXTRA_AFFINITYAUDIENCES_CPV_AFTERNOONSNACK","94842","132428.793885562"
"Google Adwords","MCMMX_2021_MEX_KELLOGGS_EXTRA_SEASONAL_GOOGLE_YOUTUBE_EXTRA_AFFINITYAUDIENCES_CPV_BREAKFASTFORONE","74416","172067.86266812115"
"Google Adwords","MCMMX_2021_MEX_KELLOGGS_EXTRA_SEASONAL_GOOGLE_YOUTUBE_EXTRADELICE_AFFINITYAUDIENCES_CPV_AFTERNOONSNACK","16698","30025.150436554493"
"Google Adwords","MCMMX_2021_MEX_KELLOGGS_MASTERBRAND_SEASONAL_GOOGLE_YOUTUBE_DESPIERTAMUCHOMAS_AFFINITYAUDIENCES_CPV_BREAKFASTFORONE","284519","455902.3803829364"
"Google Adwords","MCMMX_2021_MEX_KELLOGGS_MASTERBRAND_SEASONAL_GOOGLE_YOUTUBE_DESPIERTAMUCHOMAS_AFFINITYAUDIENCES_CPV_BREAKFASTFORONEMAR","53948","53375.34447443006"
"Google Adwords","MCMMX_2021_MEX_KELLOGGS_MASTERBRAND_SEASONAL_GOOGLE_YOUTUBE_POSITIVE_AFFINITYAUDIENCES_CPV_BREAKFASTFORONE",,
"Google Adwords","MCMMX_2021_MEX_KELLOGGS_MASTERBRAND_SEASONAL_GOOGLE_YOUTUBE_ZOOM_AFFINITYAUDIENCES_CPV_BREAKFASTFORONE",,
"Google Adwords","MCMMX_2021_MEX_KELLOGGS_PRINGLES_SEASONAL_GOOGLE_YOUTUBE_EQUITY_AFFINITYAUDIENCES_CPM_EVENINGME","105174","111060.17181899998"
"Google Adwords","MCMMX_2021_MEX_KELLOGGS_PRINGLES_SEASONAL_GOOGLE_YOUTUBE_PROMOXBOX_AFFINITYAUDIENCES_CPV_EVENINGME","81954","73898.4995502192"
"Google Adwords","MCMMX_2021_MEX_KELLOGGS_ZUCARITAS_SEASONAL_GOOGLE_YOUTUBE_PURAGARRA_AFFINITYAUDIENCES_CPM_FAMILYBREAKFAST","161367","100758.34201478916"
"Google Adwords","MCMMX_2021_MEX_KELLOGGS_ZUCARITAS_SEASONAL_GOOGLE_YOUTUBE_PURAGARRA_AFFINITYAUDIENCES_CPV_FAMILYBREAKFAST","45050","137230.96380765724"
"Other Channels","MCMCO_2021_COL_KELLOGGS_CORPORATEPROMOTIONS_SEASONAL_BACKTOSCHOOL_AUDIO_BREAKFASTFORONE_CPM-AUDIO","22","2152.500344400056"
"Other Channels","MCMCO_2021_COL_KELLOGGS_CORPORATEPROMOTIONS_SEASONAL_BACKTOSCHOOL_KIDSCORP_BREAKFASTFORONE_CPV-KIDSCORP","67704","2088.3730541396885"
"Other Channels","MCMCO_2021_COL_KELLOGGS_CORPORATEPROMOTIONS_SEASONAL_BACKTOSCHOOL_SIZMEK_BREAKFASTFORONE_CPV-KIDSCORP","684","89.9073"
"Other Channels","MCMCO_2021_COL_KELLOGGS_CORPORATEPROMOTIONS_SEASONAL_BACKTOSCHOOL_XAXIS-STANDARDBANNERS_BREAKFASTFORONE_CPM-XAXIS-STANDARDBANNERS","5520","4305.000688800111"
"Other Channels","MCMCO_2021_COL_KELLOGGS_HEALTHYKIDS_SEASONAL_HEALTHYKIDSGRANOLA_KIDSCORP_FAMILYBREAKFAST_CPM-KIDSCORP","376","1148.0001836800295"
"Other Channels","MCMECU_2021_ECU_KELLOGGS_ZUCARITAS_SEASONAL_PURAGARRA_EIKON_BREAKFASTFORONE_CPM-EIKON","1488","4457.5599999999995"
"Other Channels","MCMECU_2021_ECU_KELLOGGS_ZUCARITAS_SEASONAL_PURAGARRA_KIDSCORP_BREAKFASTFORONE_CPCV-KIDSCORP","3178","399.95"
"Other Channels","MCMMIA_2021_COL_KELLOGGS_PRINGLES_SEASONAL_GOOGLE_GOOGLE-RESERVA_PROMOXBOX_AFFINITYAUDIENCES_CPM_EVENINGME","67224","5740.000918400146"
"Other Channels","MCMMIA_2021_CRI_KELLOGGS_SPECIALKBARS_SEASONAL_HOMEOFFICE_SPOTIFY_MID-MORNINGSNACK_CPCV-SPOTIFY","0","833.34"
"Other Channels","MCMMIA_2021_CRI_KELLOGGS_SPECIALKBARS_SEASONAL_HOMEOFFICE_XAXISPUSHNOTIFICATIONADS_MID-MORNINGSNACK_CPM-XAXISPUSHNOTIFICATIONADS","0","695.6"
"Other Channels","MCMMIA_2021_GTM_KELLOGGS_SPECIALKBARS_SEASONAL_HOMEOFFICE_SPOTIFY_MID-MORNINGSNACK_CPCV-SPOTIFY","0","833.34"
"Other Channels","MCMMIA_2021_GTM_KELLOGGS_SPECIALKBARS_SEASONAL_HOMEOFFICE_XAXISPUSHNOTIFICATIONADS_MID-MORNINGSNACK_CPM-XAXISPUSHNOTIFICATIONADS","0","680.8"
"Other Channels","MCMMX_2021_MEX_KELLOGGS_CHOCOKRISPIS_SEASONAL_ALOGRANDE_XAXISPRE-ROLL_FAMILYBREAKFAST_CPCV-XAXISPRE-ROLL","13204","21920.324427480915"
"Other Channels","MCMMX_2021_MEX_KELLOGGS_CHOCOKRISPIS_SEASONAL_GOOGLE_GOOGLE-RESERVA_ALOGRANDE_AFFINITYAUDIENCES_CPM_FAMILYBREAKFAST","41604","55133.58614503816"
"Other Channels","MCMMX_2021_MEX_KELLOGGS_CHOCOKRISPIS_SEASONAL_GOOGLE_GOOGLE-RESERVA_ALOGRANDE_AFFINITYAUDIENCES_CPV_FAMILYBREAKFAST","42174","53598.37786259542"
"Other Channels","MCMMX_2021_MEX_KELLOGGS_CLOSETOYOU_SEASONAL_CLOSETOYOU_WETRANSFER_FAMILYBREAKFAST_CPM-WETRANSFER","41264","47709.92366412213"
"Other Channels","MCMMX_2021_MEX_KELLOGGS_EXTRA_SEASONAL_EXTRA_CORNERSHOP_BREAKFASTFORONE_FIXED-CORNERSHOP","7276","64885.496183206094"
"Other Channels","MCMMX_2021_MEX_KELLOGGS_EXTRA_SEASONAL_EXTRADELICE_INCA_AFTERNOONSNACK_FIXED-INCA","30","16221.37404580153"
"Other Channels","MCMMX_2021_MEX_KELLOGGS_MASTERBRAND_SEASONAL_ALWAYSCLOSETOYOU_WETRANSFER_FAMILYBREAKFAST_CPM-WETRANSFER","20632","23854.961832061064"
"Other Channels","MCMMX_2021_MEX_KELLOGGS_MASTERBRAND_SEASONAL_DESPIERTAMUCHOMAS_CORNERSHOP_BREAKFASTFORONE_FIXED-CORNERSHOP","3255","23377.86259541985"
"Other Channels","MCMMX_2021_MEX_KELLOGGS_MASTERBRAND_SEASONAL_POSITIVE_CORNERSHOP_BREAKFASTFORONE_FIXED-CORNERSHOP","2355","12881.67938931298"
"Other Channels","MCMMX_2021_MEX_KELLOGGS_PRINGLES_SEASONAL_MEGALATA_THINKY_EVENINGME_FIXED-THINKY","5248","28625.95419847327"
"Other Channels","MCMMX_2021_MEX_KELLOGGS_PRINGLES_SEASONAL_PROMOXBOX_CORNERSHOP_EVENINGME_FIXED-CORNERSHOP","1272","11927.480916030534"
"Other Channels","MCMMX_2021_MEX_KELLOGGS_PRINGLES_SEASONAL_PROMOXBOX_GAMELOFT_EVENINGME_CPM-GAMELOFT","22774","28625.95419847328"
"Other Channels","MCMMX_2021_MEX_KELLOGGS_PRINGLES_SEASONAL_REDCITYGDL_AZTECA_EVENINGME_FIXED-AZTECA","0","7156.48854961832"
"Other Channels","MCMPR_2021_CRI_KELLOGGS_CORPORATEPROMOTIONS_SEASONAL_MEDIUMBOX_CLAROMOBILE_FAMILYBREAKFAST_CPM-CLAROMOBILE","0","1000.0"
"Other Channels","MCMPR_2021_CRI_KELLOGGS_PRINGLES_SEASONAL_VERANOX2_CLAROMOBILE_EVENINGME_CPM-CLAROMOBILE","0","2500.0"
"Other Channels","MCMPR_2021_CRI_KELLOGGS_PRINGLES_SEASONAL_VERANOX2_SIZMEK_EVENINGME_CPCV-ADMAZING","2447","3852.8500000000004"
"Other Channels","MCMPR_2021_CRI_KELLOGGS_PRINGLES_SEASONAL_VERANOX2_SPOTIFY_EVENINGME_CPCV-SPOTIFY","0","3375.0"
"Other Channels","MCMPR_2021_CRI_KELLOGGS_SPECIALKBARS_SEASONAL_HOMEOFFICE_SPOTIFY_MID-MORNINGSNACK_CPCV-SPOTIFY","0","2499.99"
"Other Channels","MCMPR_2021_DOM_KELLOGGS_PRINGLES_SEASONAL_VERANOX2_SIZMEK_EVENINGME_CPCV-ADMAZING","3327","3892.7500000000005"
"Other Channels","MCMPR_2021_DOM_KELLOGGS_PRINGLES_SEASONAL_VERANOX2_SPOTIFY_EVENINGME_CPCV-SPOTIFY","0","3250.0"
"Other Channels","MCMPR_2021_GTM_KELLOGGS_CHOCOKRISPIS_SEASONAL_ALOGRANDE_CLAROMOBILE_FAMILYBREAKFAST_CPM-CLAROMOBILE","0","750.0"
"Other Channels","MCMPR_2021_GTM_KELLOGGS_CORPORATEPROMOTIONS_SEASONAL_MEDIUMBOX_CLAROMOBILE_FAMILYBREAKFAST_CPM-CLAROMOBILE","0","1480.0"
"Other Channels","MCMPR_2021_GTM_KELLOGGS_PRINGLES_SEASONAL_VERANOX2_CLAROMOBILE_EVENINGME_CPM-CLAROMOBILE","0","2500.0"
"Other Channels","MCMPR_2021_GTM_KELLOGGS_PRINGLES_SEASONAL_VERANOX2_SIZMEK_EVENINGME_CPCV-ADMAZING","2999","3818.9000000000005"
"Other Channels","MCMPR_2021_GTM_KELLOGGS_PRINGLES_SEASONAL_VERANOX2_SPOTIFY_EVENINGME_CPCV-SPOTIFY","0","3375.0"
"Other Channels","MCMPR_2021_GTM_KELLOGGS_PRINGLES_SEASONAL_VERANOX2_TIGOMOBILE_EVENINGME_CPM-TIGOMOBILE","0","2250.0"
"Other Channels","MCMPR_2021_GTM_KELLOGGS_SPECIALKBARS_SEASONAL_HOMEOFFICE_SPOTIFY_MID-MORNINGSNACK_CPCV-SPOTIFY","0","2499.99"
"Other Channels","MCMPR_2021_PAN_KELLOGGS_PRINGLES_SEASONAL_VERANOX2_CLAROMOBILE_EVENINGME_CPM-CLAROMOBILE","0","2500.0"
"Other Channels","MCMPR_2021_PAN_KELLOGGS_PRINGLES_SEASONAL_VERANOX2_SIZMEK_EVENINGME_CPCV-ADMAZING","2214","3565.1499999999996"
"Other Channels","MCMPR_2021_PAN_KELLOGGS_PRINGLES_SEASONAL_VERANOX2_SPOTIFY_EVENINGME_CPCV-SPOTIFY","0","3050.0"
"Other Channels","MCMPR_2021_PRI_KELLOGGS_CORPORATEPROMOTIONS_SEASONAL_365BOWLS_AUDIO_BREAKFASTFORONE_CPM-AUDIO","0","5167.12"
"Other Channels","MCMPR_2021_PRI_KELLOGGS_PRINGLES_SEASONAL_MEGHAN_SIZMEK_EVENINGME_CPM-GFR-BANNERS","53","0.0"
"Other Channels","MCMPR_2021_PRI_KELLOGGS_PRINGLES_SEASONAL_MEGHAN_SIZMEK_EVENINGME_CPV-CONNECTEDTV","3","1292.91"
"Other Channels","MCMPR_2021_PRI_KELLOGGS_PRINGLES_SEASONAL_MEGHAN_SPOTIFY_EVENINGME_CPCV-SPOTIFY","0","1500.0"
"Other Channels","MCMPR_2021_SLV_KELLOGGS_CORPORATEPROMOTIONS_SEASONAL_MEDIUMBOX_CLAROMOBILE_FAMILYBREAKFAST_CPM-CLAROMOBILE","0","992.0"
"Sizmek Sas","MCMCO_2020_COL_KELLOGGS_CHOCOKRISPIS_SEASONAL_EXPERIENCIACHOCOKRISPIS_SIZMEK_FAMILYBREAKFAST_CPM-TAPTAP-DISPLAY-RICHMEDIA","3","0.0"
"Sizmek Sas","MCMCO_2020_COL_KELLOGGS_CHOCOKRISPIS_SEASONAL_EXPERIENCIACHOCOKRISPIS_SIZMEK_FAMILYBREAKFAST_CPM-XAXIS-DISPLAY-STANDARDBANNER","0","0.0"
"Sizmek Sas","MCMCO_2020_COL_KELLOGGS_CHOCOKRISPIS_SEASONAL_EXPERIENCIACHOCOKRISPIS_SIZMEK_FAMILYBREAKFAST_CPV-SPOTIFY-DISPLAY-SPONSOREDPLAYLIST","1","0.0"
"Sizmek Sas","MCMCO_2020_COL_KELLOGGS_CHOCOKRISPIS_SEASONAL_EXPERIENCIACHOCOKRISPIS_SIZMEK_FAMILYBREAKFAST_CPV-XAXIS-DISPLAY-VIDEO","0","0.0"
"Sizmek Sas","MCMCO_2020_COL_KELLOGGS_CORPORATEPROMOTIONS_SEASONAL_INSERTOS2_SIZMEK_BREAKFASTFORONE_CPM-TAPTAP-DISPLAY-RICHMEDIA","51","8.4456"
"Sizmek Sas","MCMCO_2020_COL_KELLOGGS_CORPORATEPROMOTIONS_SEASONAL_INSERTOS2_SIZMEK_BREAKFASTFORONE_CPM-XAXIS-DISPLAY","0","0.0"
"Sizmek Sas","MCMCO_2020_COL_KELLOGGS_CORPORATEPROMOTIONS_SEASONAL_INSERTOS2_SIZMEK_BREAKFASTFORONE_CPV-XAXIS-VIDEO","0","0.0"
"Sizmek Sas","MCMCO_2020_COL_KELLOGGS_EXTRA_SEASONAL_EXTRA_SIZMEK_BREAKFASTFORONE_CPM-DUNNHUMBY-DISPLAY","14","0.22410000000000005"
"Sizmek Sas","MCMCO_2020_COL_KELLOGGS_FROOTLOOPS_SEASONAL_FROOTLOOPSJUMBO_SIZMEK_FAMILYBREAKFAST_CPM-TAPTAP-DISPLAY-RICHMEDIA","2","0.0"
"Sizmek Sas","MCMCO_2020_COL_KELLOGGS_FROOTLOOPS_SEASONAL_FROOTLOOPSJUMBO_SIZMEK_FAMILYBREAKFAST_CPM-XAXIS-DISPLAY","2","0.0"
"Sizmek Sas","MCMCO_2020_COL_KELLOGGS_MASTERBRAND_SEASONAL_HEALTYKIDS_SIZMEK_FAMILYBREAKFAST_CPM-XAXIS–DISPLAY","0","0.0"
"Sizmek Sas","MCMCO_2020_COL_KELLOGGS_PRINGLES_SEASONAL_ARMALARUMBA_SIZMEK_EVENINGME_CPC-TAPTAP-DISPLAY-STANDARBANNER","1","0.17955000000000002"
"Sizmek Sas","MCMCO_2020_COL_KELLOGGS_PRINGLES_SEASONAL_ARMALARUMBA_SIZMEK_EVENINGME_CPM-TAPTAP-DISPLAY-RICHMEDIA","0","0.2943405"
"Sizmek Sas","MCMCO_2020_COL_KELLOGGS_PRINGLES_SEASONAL_ARMALARUMBA_SIZMEK_EVENINGME_CPM-TAPTAP-DISPLAY-STANDARBANNER","0","0.2032641"
"Sizmek Sas","MCMCO_2020_COL_KELLOGGS_PRINGLES_SEASONAL_ARMALARUMBA_SIZMEK_EVENINGME_CPM-XAXIS-DISPLAY","14","0.0"
"Sizmek Sas","MCMCO_2020_COL_KELLOGGS_PRINGLES_SEASONAL_ARMALARUMBA_SIZMEK_EVENINGME_CPV-XAXIS-VIDEO","0","0.0"
"Sizmek Sas","MCMCO_2020_COL_KELLOGGS_PRINGLES_SEASONAL_PRINGLESWAVY_SIZMEK_BREAKFASTFORONE_CPM-XAXIS-DISPLAY","1","0.0"
"Sizmek Sas","MCMCO_2021_COL_KELLOGGS_CORPORATEPROMOTIONS_SEASONAL_BACKTOSCHOOL_SIZMEK_BREAKFASTFORONE_CPM-AUDIO","6","0.3267"
"Sizmek Sas","MCMCO_2021_COL_KELLOGGS_CORPORATEPROMOTIONS_SEASONAL_BACKTOSCHOOL_SIZMEK_BREAKFASTFORONE_CPM-XAXIS-STANDARDBANNERS","607","916.8336000000007"
"Sizmek Sas","MCMCO_2021_COL_KELLOGGS_CORPORATEPROMOTIONS_SEASONAL_BACKTOSCHOOL_SIZMEK_BREAKFASTFORONE_CPV-KIDSCORP","8466","922.5846"
"Sizmek Sas","MCMCO_2021_COL_KELLOGGS_HEALTHYKIDS_SEASONAL_HEALTHYKIDSGRANOLA_SIZMEK_FAMILYBREAKFAST_CPM-DUNNHUMBY-DISPLAY","2","0.1323"
"Sizmek Sas","MCMCO_2021_COL_KELLOGGS_HEALTHYKIDS_SEASONAL_HEALTHYKIDSGRANOLA_SIZMEK_FAMILYBREAKFAST_CPM-DUNNHUMBY-STANDARDBANNER","2","0.39689999999999986"
"Sizmek Sas","MCMCO_2021_COL_KELLOGGS_HEALTHYKIDS_SEASONAL_HEALTHYKIDSGRANOLA_SIZMEK_FAMILYBREAKFAST_CPM-KIDSCORP","39837","1618.8465600000004"
"Sizmek Sas","MCMCO_2021_COL_KELLOGGS_HEALTHYKIDS_SEASONAL_HEALTHYKIDSGRANOLA_SIZMEK_FAMILYBREAKFAST_CPM-XAXIS-STANDARDBANNERS","2882","5278.95360000001"
"Sizmek Sas","MCMCO_2021_COL_KELLOGGS_PRINGLES_SEASONAL_PROMOXBOX_SIZMEK_EVENINGME_CPC-TAPTAP-STANDARDBANNER","2059","369.69345"
"Sizmek Sas","MCMCO_2021_COL_KELLOGGS_PRINGLES_SEASONAL_PROMOXBOX_SIZMEK_EVENINGME_CPM-SPOTIFY-AUDIOAD","79","1131.5799900000002"
"Sizmek Sas","MCMCO_2021_COL_KELLOGGS_PRINGLES_SEASONAL_PROMOXBOX_SIZMEK_EVENINGME_CPM-XAXIS-STANDARDBANNER","1436","3211.2531000000017"
"Sizmek Sas","MCMCO_2021_COL_KELLOGGS_PRINGLES_SEASONAL_PROMOXBOX_SIZMEK_EVENINGME_CPV-XAXIS-VIDEO","773","1894.5981"
"Sizmek Sas","MCMCO_2021_COL_KELLOGGS_ZUCARITAS_SEASONAL_PURAGARRA_SIZMEK_FAMILYBREAKFAST_CPM-CARTOONNETWORK","1426","941.1673500000002"
"Sizmek Sas","MCMCO_2021_COL_KELLOGGS_ZUCARITAS_SEASONAL_PURAGARRA_SIZMEK_FAMILYBREAKFAST_CPM-NICKELODEON","132","389.96747999999997"
"Sizmek Sas","MCMCO_2021_COL_KELLOGGS_ZUCARITAS_SEASONAL_PURAGARRA_SIZMEK_FAMILYBREAKFAST_CPM-SPOTIFY-TAKEOVER","992","2700.3455999999996"
"Sizmek Sas","MCMCO_2021_COL_KELLOGGS_ZUCARITAS_SEASONAL_PURAGARRA_SIZMEK_FAMILYBREAKFAST_CPM-TAPTAP-RICHMEDIA","5834","3284.9597250000015"
"Sizmek Sas","MCMCO_2021_COL_KELLOGGS_ZUCARITAS_SEASONAL_PURAGARRA_SIZMEK_FAMILYBREAKFAST_CPM-XAXIS-STANDARDBANNERS","5404","5846.426099999999"
"Sizmek Sas","MCMCO_2021_COL_KELLOGGS_ZUCARITAS_SEASONAL_PURAGARRA_SIZMEK_FAMILYBREAKFAST_CPV-XAXIS-VIDEO","7481","5137.803000000001"
"Sizmek Sas","MCMMIA_2020_CRI_Kelloggs_Pringles_Seasonal_AlwaysOn_Sizmek_EveningMe_CPM-Xaxis-Video","0","0.0"
"Sizmek Sas","MCMMIA_2020_MEX_Kelloggs_Pringles_Seasonal_AlwaysOn_Sizmek_EveningMe_CPM-Xaxis-Video","0","0.0"
"Sizmek Sas","MCMMIA_2021_ARG_Kelloggs_Pringles_Seasonal_PromoXbox_Sizmek_EveningMe_CPM-Spotify-VideoTakeOver","0","0.0"
"Sizmek Sas","MCMMIA_2021_ARG_Kelloggs_Pringles_Seasonal_PromoXbox_Sizmek_EveningMe_CPM-Xaxis-StandardBanner","0","0.04"
"Sizmek Sas","MCMMIA_2021_CHL_Kelloggs_Masterbrand_Seasonal_DespiertaMuchoMas_Sizmek_BreakfastforOne_CPCV-Xaxis-Video","996","1639.7199999999998"
"Sizmek Sas","MCMMIA_2021_CHL_Kelloggs_Masterbrand_Seasonal_DespiertaMuchoMas_Sizmek_BreakfastforOne_CPM-Xaxis-ScrollReactive","998","2675.0"
"Sizmek Sas","MCMMX_2020_MEX_KELLOGGS_CHOCOKRISPIS_SEASONAL_EQUITY_SIZMEK_FAMILYBREAKFAST_CPCV-XAXISPRE-ROLL","0","0.0"
"Sizmek Sas","MCMMX_2020_MEX_KELLOGGS_CHOCOKRISPIS_SEASONAL_EQUITY_SIZMEK_FAMILYBREAKFAST_CPM-XAXIS-STANDARDBANNERS","2","0.009000000000000001"
"Sizmek Sas","MCMMX_2020_MEX_KELLOGGS_CHOCOKRISPIS_SEASONAL_M&MS_SIZMEK_FAMILYBREAKFAST_CPCV-SUNMEDIA","0","0.0"
"Sizmek Sas","MCMMX_2020_MEX_KELLOGGS_CORPORATEPROMOTIONS_SEASONAL_CRAYOLA_SIZMEK_FAMILY BREAKFAST_CPM-XAXIS-STANDARDBANNERS","0","0.009000000000000001"
"Sizmek Sas","MCMMX_2020_MEX_KELLOGGS_CORPORATEPROMOTIONS_SEASONAL_GANAPREMIOS_SIZMEK_FAMILYBREAKFAST_CPM-XAXIS-STANDARDBANNERS","2","0.9705000000000007"
"Sizmek Sas","MCMMX_2020_MEX_KELLOGGS_EXTRA_SEASONAL_EXTRA_SIZMEK_BREAKFASTFORONE_CPM-XAXISRICHMEDIA","1","0.16550000000000004"
"Sizmek Sas","MCMMX_2020_MEX_KELLOGGS_EXTRA_SEASONAL_EXTRA_SIZMEK_BREAKFASTFORONE_CPM-XAXIS-STANDARDBANNERS","0","0.2670000000000001"
"Sizmek Sas","MCMMX_2020_MEX_KELLOGGS_MASTERBRAND_SEASONAL_ALLOCCASIONS_SIZMEK_BREAKFASTFORONE_CPM-XAXIS-STANDARDBANNERS","0","0.036"
"Sizmek Sas","MCMMX_2020_MEX_KELLOGGS_MASTERBRAND_SEASONAL_COOKIESKIDS_SIZMEK_MID-MORNINGSNACK_CPM-XAXIS-STANDARDBANNERS","0","0.0"
"Sizmek Sas","MCMMX_2020_MEX_KELLOGGS_MASTERBRAND_SEASONAL_CORONAVIRUS_SIZMEK_BREAKFASTFORONE_CPCV-XAXIS-VIDEO","9","0.17400000000000002"
"Sizmek Sas","MCMMX_2020_MEX_KELLOGGS_MASTERBRAND_SEASONAL_CORONAVIRUS_SIZMEK_BREAKFASTFORONE_CPM-XAXIS-STANDARDBANNERS","0","0.11400000000000002"
"Sizmek Sas","MCMMX_2020_MEX_KELLOGGS_MASTERBRAND_SEASONAL_EMBAJADORES_SIZMEK_BREAKFASTFORONE_CPEC-XAXISSPOTIFY","0","0.0"
"Sizmek Sas","MCMMX_2020_MEX_KELLOGGS_MASTERBRAND_SEASONAL_EMBAJADORES_SIZMEK_BREAKFASTFORONE_CPM-XAXIS-STANDARDBANNERS","0","0.5160000000000003"
"Sizmek Sas","MCMMX_2020_MEX_KELLOGGS_POPTARTS_SEASONAL_UGLYSWEATER_SIZMEK_MID-MORNINGSNACK_CPM-XAXIS-STANDARDBANNERS","0","0.4610000000000003"
"Sizmek Sas","MCMMX_2020_MEX_KELLOGGS_PRINGLES_SEASONAL_ALWAYSONGAMING_SIZMEK_EVENINGME_CPCV-IMS-EA","6","0.0"
"Sizmek Sas","MCMMX_2020_MEX_KELLOGGS_PRINGLES_SEASONAL_ALWAYSONGAMING_SIZMEK_EVENINGME_CPM-GAMELOFT","33","0.0"
"Sizmek Sas","MCMMX_2020_MEX_KELLOGGS_PRINGLES_SEASONAL_XMASPROMOMUSIC_SIZMEK_EVENINGME_CPCV-SUNMEDIA","0","0.0"
"Sizmek Sas","MCMMX_2020_MEX_KELLOGGS_PRINGLES_SEASONAL_XMASPROMOMUSIC_SIZMEK_EVENINGME_CPCV-XAXISSPOTIFY","0","0.0"
"Sizmek Sas","MCMMX_2020_MEX_KELLOGGS_PRINGLES_SEASONAL_XMASPROMOMUSIC_SIZMEK_EVENINGME_CPEC-XAXISSPOTIFY","2","0.0"
"Sizmek Sas","MCMMX_2020_MEX_KELLOGGS_SPECIALK_SEASONAL_ORIGINAL_SIZMEK_BREAKFASTFORONE_CPC-XAXIS-STANDARDBANNERS","84","21.0"
"Sizmek Sas","MCMMX_2020_MEX_KELLOGGS_SPECIALK_SEASONAL_ORIGINAL_SIZMEK_BREAKFASTFORONE_CPM-XAXISSOCIALNATIVE","12","1.0004999999999997"
"Sizmek Sas","MCMMX_2020_MEX_KELLOGGS_ZUCARITAS_SEASONAL_EQUITY_SIZMEK_FAMILY BREAKFAST_CPM-XAXIS-STANDARDBANNERS","0","0.025500000000000002"
"Sizmek Sas","MCMMX_2021_MEX_KELLOGGS_CHOCOKRISPIS_SEASONAL_ALOGRANDE_SIZMEK_FAMILYBREAKFAST_CPCV-XAXISPRE-ROLL","25991","40644.419999999984"
"Sizmek Sas","MCMMX_2021_MEX_KELLOGGS_CHOCOKRISPIS_SEASONAL_ALOGRANDE_SIZMEK_FAMILYBREAKFAST_CPM-XAXIS-STANDARDBANNERS","42205","80739.66899999982"
"Sizmek Sas","MCMMX_2021_MEX_KELLOGGS_MASTERBRAND_SEASONAL_ALWAYSCLOSETOYOU_SIZMEK_FAMILYBREAKFAST_CPM-XAXIS-STANDARDBANNERS","19091","29958.80400000005"
"Sizmek Sas","MCMMX_2021_MEX_KELLOGGS_MASTERBRAND_SEASONAL_DESPIERTAMUCHOMAS_SIZMEK_BREAKFASTFORONE_CPM-XAXIS-STANDARDBANNERS","79200","142442.59299999988"
"Sizmek Sas","MCMMX_2021_MEX_KELLOGGS_MASTERBRAND_SEASONAL_DESPIERTAMUCHOMAS_SIZMEK_BREAKFASTFORONE_CPV-XAXISPRE-ROLL","109774","147942.04"
"Sizmek Sas","MCMMX_2021_MEX_KELLOGGS_PRINGLES_SEASONAL_ALWAYSON_SIZMEK_EVENINGME_CPCV-XAXISPRE-ROLL","2463","6735.93"
"Sizmek Sas","MCMMX_2021_MEX_KELLOGGS_PRINGLES_SEASONAL_PROMOXBOX_SIZMEK_EVENINGME_CPCV-XAXISPRE-ROLL","17953","29567.130000000005"
"Sizmek Sas","MCMMX_2021_MEX_KELLOGGS_ZUCARITAS_SEASONAL_PURAGARRA_SIZMEK_FAMILYBREAKFAST_CPCV-SUNMEDIA","2518","20658.391000000003"
"Sizmek Sas","MCMMX_2021_MEX_KELLOGGS_ZUCARITAS_SEASONAL_PURAGARRA_SIZMEK_FAMILYBREAKFAST_CPM-XAXIS-STANDARDBANNERS","59772","89651.67900000002"
"Sizmek Sas","MCMPR_2020_BHS_KELLOGGS_RICEKRISPIES_SEASONAL_RICEKRISPIESTREAT_SIZMEK_AFTERNOONSNACK_CPCV-EIKON","0","24.359999999999992"
"Sizmek Sas","MCMPR_2020_CENAM_KELLOGGS_RICEKRISPIES_SEASONAL_AMORPARALLEVAR_SIZMEK_MID-MORNINGSNACK_CPV-SEVERAL-VIDEO","0","0.0"
"Sizmek Sas","MCMPR_2020_CENAM_KELLOGGS_ZUCARITAS_SEASONAL_RECREATE_SIZMEK_FAMILY BREAKFAST_CPV-SEVERAL-VIDEO","0","0.0"
"Sizmek Sas","MCMPR_2020_CRI_KELLOGGS_CORPORATEPROMOTIONS_SEASONAL_BACKTOSCHOOL_SIZMEK_FAMILYBREAKFAST_CPV-XAXIS-VIDEO","0","0.4"
"Sizmek Sas","MCMPR_2020_CRI_KELLOGGS_CORPORATEPROMOTIONS_SEASONAL_CRAYOLA_SIZMEK_FAMILYBREAKFAST_CPM-XAXIS-DISPLAY","7","2.3999999999999995"
"Sizmek Sas","MCMPR_2020_CRI_KELLOGGS_FROOTLOOPS_SEASONAL_FROOTLOOPSJUMBO_SIZMEK_MID-MORNINGSNACK_CPV-XAXIS-VIDEO","0","0.0"
"Sizmek Sas","MCMPR_2020_CRI_KELLOGGS_KOMPLETE_SEASONAL_KOMPLETE_SIZMEK_FAMILYBREAKFAST_CPM-EIKON-DISPLAY","0","0.01"
"Sizmek Sas","MCMPR_2020_CRI_KELLOGGS_KOMPLETE_SEASONAL_KOMPLETE_SIZMEK_FAMILYBREAKFAST_CPV-XAXIS-VIDEO","0","10.5"
"Sizmek Sas","MCMPR_2020_CRI_KELLOGGS_MASTERBRAND_SEASONAL_DESPIERTAMUCHOMAS_SIZMEK_BREAKFASTFORONE_CPV-XAXIS-VIDEO","1","0.0"
"Sizmek Sas","MCMPR_2020_CRI_KELLOGGS_PRINGLES_SEASONAL_DESTAPAYGANA_SIZMEK_EVENINGME_CPM-XAXIS-DISPLAY","0","0.01"
"Sizmek Sas","MCMPR_2020_CRI_KELLOGGS_RICEKRISPIES_SEASONAL_AMORPARALLEVAR_SIZMEK_MID-MORNINGSNACK_CPCV-EIKON","0","0.24"
"Sizmek Sas","MCMPR_2020_CRI_KELLOGGS_SPECIALKBARS_SEASONAL_HOMEOFFICE_SIZMEK_MID-MORNINGSNACK_CPCV-XAXIS-VIDEO","484","2880.68"
"Sizmek Sas","MCMPR_2020_CRI_KELLOGGS_SPECIALK_SEASONAL_REPOSICIONAMIENTO_SIZMEK_BREAKFASTFORONE_CPM-EIKON","2712","15.959999999999805"
"Sizmek Sas","MCMPR_2020_CRI_KELLOGGS_SPECIALK BARS_SEASONAL_HOMEOFFICE_SIZMEK_MID-MORNINGSNACK_CPCV-EIKON","693","5040.12"
"Sizmek Sas","MCMPR_2020_CRI_KELLOGGS_SPECIALK BARS_SEASONAL_RECOVERYPLAN_SIZMEK_AFTERNOONSNACK_CPCV-EIKON","0","0.0"
"Sizmek Sas","MCMPR_2020_DOM_KELLOGGS_FROOTLOOPS_SEASONAL_FROOTLOOPSJUMBO_SIZMEK_MID-MORNINGSNACK_CPV-XAXIS-VIDEO","1","1.08"
"Sizmek Sas","MCMPR_2020_DOM_KELLOGGS_PRINGLES_SEASONAL_DESTAPAYGANA_SIZMEK_EVENINGME_CPM-XAXIS-DISPLAY","1","0.18000000000000005"
"Sizmek Sas","MCMPR_2020_GTM_KELLOGGS_CORPORATEPROMOTIONS_SEASONAL_BACKTOSCHOOL_SIZMEK_FAMILYBREAKFAST_CPV-XAXIS-VIDEO","154","1069.7599999999995"
"Sizmek Sas","MCMPR_2020_GTM_KELLOGGS_CORPORATEPROMOTIONS_SEASONAL_CRAYOLA_SIZMEK_FAMILYBREAKFAST_CPM-XAXIS-DISPLAY","7","1.6400000000000003"
"Sizmek Sas","MCMPR_2020_GTM_KELLOGGS_FROOTLOOPS_SEASONAL_FROOTLOOPSJUMBO_SIZMEK_MID-MORNINGSNACK_CPV-XAXIS-VIDEO","0","0.0"
"Sizmek Sas","MCMPR_2020_GTM_KELLOGGS_KOMPLETE_SEASONAL_KOMPLETE_SIZMEK_FAMILYBREAKFAST_CPM-EIKON-DISPLAY","0","0.01"
"Sizmek Sas","MCMPR_2020_GTM_KELLOGGS_KOMPLETE_SEASONAL_KOMPLETE_SIZMEK_FAMILYBREAKFAST_CPV-XAXIS-VIDEO","0","2.79"
"Sizmek Sas","MCMPR_2020_GTM_KELLOGGS_MASTERBRAND_SEASONAL_DESPIERTAMUCHOMAS_SIZMEK_BREAKFASTFORONE_CPV-XAXIS-VIDEO","0","0.0"
"Sizmek Sas","MCMPR_2020_GTM_KELLOGGS_PRINGLES_SEASONAL_DESTAPAYGANA_SIZMEK_EVENINGME_CPM-XAXIS-DISPLAY","0","0.060000000000000005"
"Sizmek Sas","MCMPR_2020_GTM_KELLOGGS_RICEKRISPIES_SEASONAL_AMORPARALLEVAR_SIZMEK_MID-MORNINGSNACK_CPCV-EIKON","0","0.24"
"Sizmek Sas","MCMPR_2020_GTM_KELLOGGS_SPECIALKBARS_SEASONAL_HOMEOFFICE_SIZMEK_MID-MORNINGSNACK_CPCV-XAXIS-VIDEO","720","3395.1599999999994"
"Sizmek Sas","MCMPR_2020_GTM_KELLOGGS_SPECIALK_SEASONAL_REPOSICIONAMIENTO_SIZMEK_BREAKFASTFORONE_CPM-EIKON","10732","23.660000000000004"
"Sizmek Sas","MCMPR_2020_GTM_KELLOGGS_SPECIALK_SEASONAL_REPOSICIONAMIENTO_SIZMEK_BREAKFASTFORONE_CPM-SEVERAL-DISPLAY","1138","10.019999999999948"
"Sizmek Sas","MCMPR_2020_GTM_KELLOGGS_SPECIALK BARS_SEASONAL_HOMEOFFICE_SIZMEK_MID-MORNINGSNACK_CPCV-EIKON","494","6554.4000000000015"
"Sizmek Sas","MCMPR_2020_HND_KELLOGGS_MASTERBRAND_SEASONAL_MAIZENA_SIZMEK_BREAKFASTFORONE_CPM-EIKON","7369","0.0"
"Sizmek Sas","MCMPR_2020_HND_KELLOGGS_MASTERBRAND_SEASONAL_MAIZENA_SIZMEK_BREAKFASTFORONE_CPM-XAXIS-DISPLAY","0","0.0"
"Sizmek Sas","MCMPR_2020_JAM_KELLOGGS_CHEEZIT_SEASONAL_CHEEZIT_SIZMEK_AFTERNOONSNACK_CPCV-ADMAZING","0","0.0"
"Sizmek Sas","MCMPR_2020_JAM_KELLOGGS_RICEKRISPIES_SEASONAL_RICEKRISPIESTREAT_SIZMEK_AFTERNOONSNACK_CPCV-EIKON","0","0.0"
"Sizmek Sas","MCMPR_2020_NIC_KELLOGGS_MASTERBRAND_SEASONAL_DESPIERTAMUCHOMAS_SIZMEK_BREAKFASTFORONE_CPV-XAXIS-VIDEO","1","1.7600000000000002"
"Sizmek Sas","MCMPR_2020_PAN_KELLOGGS_FROOTLOOPS_SEASONAL_FROOTLOOPSJUMBO_SIZMEK_MID-MORNINGSNACK_CPV-XAXIS-VIDEO","0","0.0"
"Sizmek Sas","MCMPR_2020_PAN_KELLOGGS_MASTERBRAND_SEASONAL_DESPIERTAMUCHOMAS_SIZMEK_BREAKFASTFORONE_CPV-XAXIS-VIDEO","0","1.36"
"Sizmek Sas","MCMPR_2020_PAN_KELLOGGS_PRINGLES_SEASONAL_DESTAPAYGANA_SIZMEK_EVENINGME_CPM-XAXIS-DISPLAY","0","0.05"
"Sizmek Sas","MCMPR_2020_PRI_KELLOGGS_SPECIALK_SEASONAL_REPOSICIONAMIENTO_SIZMEK_BREAKFASTFORONE_CPM-XAXIS-DISPLAY","0","0.0"
"Sizmek Sas","MCMPR_2020_SLV_KELLOGGS_CHOCOKRISPIS_SEASONAL_REFORMULACION_SIZMEK_FAMILYBREAKFAST_CPV-XAXIS-VIDEO-NOV-DIC","0","0.03"
"Sizmek Sas","MCMPR_2020_SLV_KELLOGGS_CORPORATEPROMOTIONS_SEASONAL_BACKTOSCHOOL_SIZMEK_FAMILYBREAKFAST_CPV-XAXIS-VIDEO","54","479.92"
"Sizmek Sas","MCMPR_2020_SLV_KELLOGGS_CORPORATEPROMOTIONS_SEASONAL_CRAYOLA_SIZMEK_FAMILYBREAKFAST_CPM-XAXIS-DISPLAY","4","1.06"
"Sizmek Sas","MCMPR_2020_SLV_KELLOGGS_MASTERBRAND_SEASONAL_DESPIERTAMUCHOMAS_SIZMEK_BREAKFASTFORONE_CPV-XAXIS-VIDEO","4","14.799999999999997"
"Sizmek Sas","MCMPR_2021_CRI_KELLOGGS_CORPORATEPROMOTIONS_SEASONAL_BACKTOSCHOOL_SIZMEK_FAMILYBREAKFAST_CPV-XAXIS-VIDEO","844","5264.0"
"Sizmek Sas","MCMPR_2021_CRI_KELLOGGS_CORPORATEPROMOTIONS_SEASONAL_MEDIUMBOX_SIZMEK_FAMILYBREAKFAST_CPV-XAXIS-VIDEO","280","1842.1599999999996"
"Sizmek Sas","MCMPR_2021_CRI_KELLOGGS_KOMPLETE_SEASONAL_KOMPLETE_SIZMEK_BREAKFASTFORONE_CPV-XAXIS-VIDEO","393","22334.400000000005"
"Sizmek Sas","MCMPR_2021_CRI_KELLOGGS_MASTERBRAND_SEASONAL_DESPIERTAMUCHOMAS_SIZMEK_BREAKFASTFORONE_CPV-XAXIS-VIDEO","453","1943.8499999999997"
"Sizmek Sas","MCMPR_2021_CRI_KELLOGGS_PRINGLES_SEASONAL_VERANOX2_SIZMEK_EVENINGME_CPM-XAXIS-DISPLAY","1713","2518.9200000000005"
"Sizmek Sas","MCMPR_2021_CRI_KELLOGGS_PRINGLES_SEASONAL_VERANOX2_XAXISPUSHNOTIFICATIONADS_EVENINGME_CPC-XAXISPUSHNOTIFICATIONADS","7549","3019.6"
"Sizmek Sas","MCMPR_2021_CRI_KELLOGGS_SPECIALKBARS_SEASONAL_HOMEOFFICE_XAXISPUSHNOTIFICATIONADS_MID-MORNINGSNACK_CPM-XAXISPUSHNOTIFICATIONADS","0","2506.4"
"Sizmek Sas","MCMPR_2021_CRI_KELLOGGS_SPECIALK_SEASONAL_ALIMENTAMOSLOQUEERES_XAXISPUSHNOTIFICATIONADS_BREAKFASTFORONE_CPM-XAXISPUSHNOTIFICATIONADS","0","1020.8000000000001"
"Sizmek Sas","MCMPR_2021_CRI_KELLOGGS_ZUCARITAS_SEASONAL_PURAGARRA_SIZMEK_FAMILYBREAKFAST_CPV-XAXIS-VIDEO","1018","5668.829999999999"
"Sizmek Sas","MCMPR_2021_DOM_KELLOGGS_PRINGLES_SEASONAL_VERANOX2_SIZMEK_EVENINGME_CPM-XAXIS-DISPLAY","2773","2666.3400000000015"
"Sizmek Sas","MCMPR_2021_DOM_KELLOGGS_PRINGLES_SEASONAL_VERANOX2_XAXISPUSHNOTIFICATIONADS_EVENINGME_CPC-XAXISPUSHNOTIFICATIONADS","7544","3017.6"
"Sizmek Sas","MCMPR_2021_GTM_KELLOGGS_CHOCOKRISPIS_SEASONAL_ALOGRANDE_SIZMEK_FAMILYBREAKFAST_CPV-XAXIS-VIDEO","1264","4003.9499999999994"
"Sizmek Sas","MCMPR_2021_GTM_KELLOGGS_CORPORATEPROMOTIONS_SEASONAL_BACKTOSCHOOL_SIZMEK_FAMILYBREAKFAST_CPV-XAXIS-VIDEO","1705","8779.440000000006"
"Sizmek Sas","MCMPR_2021_GTM_KELLOGGS_CORPORATEPROMOTIONS_SEASONAL_MEDIUMBOX_SIZMEK_FAMILYBREAKFAST_CPV-XAXIS-VIDEO","251","1379.2399999999998"
"Sizmek Sas","MCMPR_2021_GTM_KELLOGGS_KOMPLETE_SEASONAL_KOMPLETE_SIZMEK_BREAKFASTFORONE_CPV-XAXIS-VIDEO","822","35051.69999999999"
"Sizmek Sas","MCMPR_2021_GTM_KELLOGGS_MASTERBRAND_SEASONAL_DESPIERTAMUCHOMAS_SIZMEK_BREAKFASTFORONE_CPV-XAXIS-VIDEO","794","4025.1000000000004"
"Sizmek Sas","MCMPR_2021_GTM_KELLOGGS_PRINGLES_SEASONAL_VERANOX2_SIZMEK_EVENINGME_CPM-XAXIS-DISPLAY","1750","3188.110000000001"
"Sizmek Sas","MCMPR_2021_GTM_KELLOGGS_PRINGLES_SEASONAL_VERANOX2_XAXISPUSHNOTIFICATIONADS_EVENINGME_CPC-XAXISPUSHNOTIFICATIONADS","7530","3012.0"
"Sizmek Sas","MCMPR_2021_GTM_KELLOGGS_SPECIALKBARS_SEASONAL_HOMEOFFICE_XAXISPUSHNOTIFICATIONADS_MID-MORNINGSNACK_CPM-XAXISPUSHNOTIFICATIONADS","0","2824.0"
"Sizmek Sas","MCMPR_2021_GTM_KELLOGGS_SPECIALK_SEASONAL_ALIMENTAMOSLOQUEERES_XAXISPUSHNOTIFICATIONADS_BREAKFASTFORONE_CPM-XAXISPUSHNOTIFICATIONADS","0","1014.8000000000001"
"Sizmek Sas","MCMPR_2021_PAN_KELLOGGS_CORPORATEPROMOTIONS_SEASONAL_BACKTOSCHOOL_SIZMEK_FAMILYBREAKFAST_CPV-XAXIS-VIDEO","624","2878.2600000000007"
"Sizmek Sas","MCMPR_2021_PAN_KELLOGGS_KOMPLETE_SEASONAL_KOMPLETE_SIZMEK_BREAKFASTFORONE_CPV-XAXIS-VIDEO","570","19500.300000000007"
"Sizmek Sas","MCMPR_2021_PAN_KELLOGGS_PRINGLES_SEASONAL_VERANOX2_SIZMEK_EVENINGME_CPM-XAXIS-DISPLAY","2293","2504.42"
"Sizmek Sas","MCMPR_2021_PAN_KELLOGGS_PRINGLES_SEASONAL_VERANOX2_XAXISPUSHNOTIFICATIONADS_EVENINGME_CPC-XAXISPUSHNOTIFICATIONADS","7513","3005.2000000000003"
"Sizmek Sas","MCMPR_2021_PAN_KELLOGGS_ZUCARITAS_SEASONAL_PURAGARRA_SIZMEK_FAMILYBREAKFAST_CPV-XAXIS-VIDEO","714","5122.919999999997"
"Sizmek Sas","MCMPR_2021_PRI_KELLOGGS_KOMPLETE_SEASONAL_KOMPLETE_SIZMEK_BREAKFASTFORONE_CPM-XAXIS-DISPLAY","251","573.0000000000002"
"Sizmek Sas","MCMPR_2021_PRI_KELLOGGS_PRINGLES_SEASONAL_MEGHAN_SIZMEK_EVENINGME_CPCV-ADMAZING","0","0.0"
"Sizmek Sas","MCMPR_2021_PRI_KELLOGGS_PRINGLES_SEASONAL_MEGHAN_SIZMEK_EVENINGME_CPCV-XAXIS-VIDEO","100","1309.41"
"Sizmek Sas","MCMPR_2021_SLV_KELLOGGS_CHOCOKRISPIS_SEASONAL_ALOGRANDE_SIZMEK_FAMILYBREAKFAST_CPV-XAXIS-VIDEO","1388","5885.669999999999"
"Sizmek Sas","MCMPR_2021_SLV_KELLOGGS_CORPORATEPROMOTIONS_SEASONAL_BACKTOSCHOOL_SIZMEK_FAMILYBREAKFAST_CPV-XAXIS-VIDEO","802","4681.96"
"Sizmek Sas","MCMPR_2021_SLV_KELLOGGS_CORPORATEPROMOTIONS_SEASONAL_MEDIUMBOX_SIZMEK_FAMILYBREAKFAST_CPV-XAXIS-VIDEO","115","963.6400000000001"
"Sizmek Sas","MCMPR_2021_SLV_KELLOGGS_KOMPLETE_SEASONAL_KOMPLETE_SIZMEK_BREAKFASTFORONE_CPV-XAXIS-VIDEO","435","17264.4"
"Sizmek Sas","MCMPR_2021_SLV_KELLOGGS_MASTERBRAND_SEASONAL_DESPIERTAMUCHOMAS_SIZMEK_BREAKFASTFORONE_CPV-XAXIS-VIDEO","747","3554.34"
"Twitter","<undefined>","6382",
"Total",,"10037382","3955304.045414416"
